,count,mean,std,min,25%,50%,75%,max,skew,CV
Ventas,400.0,7.496325000000001,2.824115048806837,0.0,5.390000000000001,7.49,9.32,16.27,0.18486378570906228,0.376733272477759
PrecioComp,400.0,124.975,15.334511505351887,77.0,115.0,125.0,135.0,175.0,-0.04259407832336863,0.12270063216924895
Ingresos,400.0,68.6575,27.986036506593265,21.0,42.75,69.0,91.0,120.0,0.0492588776505446,0.40761805347694374
Presup.Publicidad,400.0,6.635,6.650364152314968,0.0,0.0,5.0,12.0,29.0,0.6371848217963743,1.0023156220519922
Poblacion,400.0,264.84,147.37643615869226,10.0,139.0,272.0,398.5,509.0,-0.051034337790194374,0.5564734789257373
PrecioVenta,400.0,115.795,23.676664378459765,24.0,100.0,117.0,131.0,191.0,-0.12481588046028065,0.20447052444803113
EdadM,400.0,53.3225,16.200296842789214,25.0,39.75,54.5,66.0,80.0,-0.07689199838093119,0.30381727868703107
NEducacion,400.0,13.9,2.6205281757308962,10.0,12.0,14.0,16.0,18.0,0.04384162962350939,0.18852720688711483
